benchmark,kind,missing_gt,crashed,timed_out,time,exec_time,solver_time,detected_all,expected_results,actual_results,shellcheck_codes,line_numbers,ast_nodes_total,ast_nodes_interpreted,ast_coverage_pct
/users/vagos/resash/benchmarks/milestone_1/loop_once-useless_test/posix.sh,buggy,False,False,False,0.19035857199924067,0.19035857199924067,13.710212895006407,True,L6:loop_once,L6:loop_once;L11:del_user_dir;L11:data_loss,,6;11;11,19,18,94.73684210526316
/users/vagos/resash/benchmarks/milestone_1/loop_once-useless_test/fixed.sh,fixed,False,False,True,5.900406945002032,5.900406945002032,70.05844911599706,True,L6:loop_once,L10:word_split;L10:data_loss,,10;10,19,18,94.73684210526316
/users/vagos/resash/benchmarks/milestone_1/redir_to_func-redir_to_func/posix.sh,buggy,False,False,False,0.10205411100469064,0.10205411100469064,1.078104465996148,True,L25:redir_func;L25:redir_func,L12:unbound;L12:unbound;L12:unbound;L18:unbound;L18:unbound;L18:unbound;L22:unbound;L22:unbound;L22:unbound;L25:redir_func;L25:redir_func;L28:cmd_expected_path_state,;,12;12;12;18;18;18;22;22;22;25;25;28,40,40,100.0
/users/vagos/resash/benchmarks/milestone_1/redir_to_func-redir_to_func/fixed.sh,fixed,False,False,True,3.7643416700011585,3.7643416700011585,70.00737859299988,True,L25:redir_func;L25:redir_func,L22:unbound;L22:unbound;L22:unbound;L28:cmd_expected_path_state;L39:data_loss,;,22;22;22;28;39,57,57,100.0
/users/vagos/resash/benchmarks/milestone_1/unset_var_1/posix.sh,buggy,False,False,True,85.16866879399458,85.16866879399458,70.00618959599524,True,L57:unbound;L60:unbound,L37:unbound;L37:cmd_expected_path_state;L57:unbound;L60:unbound,SC2154;SC2154,37;37;57;60,135,126,93.33333333333333
/users/vagos/resash/benchmarks/milestone_1/unset_var_1/fixed.sh,fixed,False,False,True,84.07575094199274,84.07575094199274,70.00558002400794,True,L57:unbound;L60:unbound,L37:unbound;L37:cmd_expected_path_state,SC2154;SC2154,37;37,135,126,93.33333333333333
/users/vagos/resash/benchmarks/milestone_1/unset_var_1/variants/bug-init_func.sh,buggy_variant,False,False,True,84.46250221900118,84.46250221900118,70.01558225299232,True,L62:unbound;L65:unbound,L42:unbound;L42:cmd_expected_path_state;L62:unbound;L65:unbound,SC2154;SC2154,42;42;62;65,141,127,90.0709219858156
/users/vagos/resash/benchmarks/milestone_1/unset_var_1/variants/fix-init_func.sh,fixed_variant,False,False,True,75.30735792299674,75.30735792299674,70.00415918900399,True,L66:unbound;L69:unbound,L46:unbound;L46:cmd_expected_path_state,SC2154;SC2154,46;46,145,119,82.06896551724138
/users/vagos/resash/benchmarks/milestone_1/const_loop/posix.sh,buggy,False,False,True,14.864716166004655,14.864716166004655,70.00272804300766,False,L11:infinite_loop,,,,23,23,100.0
/users/vagos/resash/benchmarks/milestone_1/const_loop/fixed.sh,fixed,False,False,True,28.928784845993505,28.928784845993505,70.00789220399747,True,L11:infinite_loop,,,,30,30,100.0
/users/vagos/resash/benchmarks/milestone_1/const_loop/variants/fix-const_test.sh,fixed_variant,False,False,True,14.82934573100647,14.82934573100647,70.00858679800876,True,L11:infinite_loop,,,,32,32,100.0
/users/vagos/resash/benchmarks/web_forums/claude4/posix.sh,buggy,False,False,False,0.013977986003737897,0.013977986003737897,0.10482940700603649,True,L6:data_loss,L6:data_loss,,6,4,4,100.0
/users/vagos/resash/benchmarks/web_forums/claude4/fixed.sh,fixed,False,False,False,0.010281113005476072,0.010281113005476072,0.02342858699557837,True,L6:data_loss,,,,4,4,100.0
/users/vagos/resash/benchmarks/web_forums/xargs_accident_rm/posix.sh,buggy,False,False,False,0.04048508898995351,0.04048508898995351,2.125120672993944,True,L3:cmd_expected_path_state;L3:unexpected_stdin,L3:unexpected_stdin;L3:cmd_expected_path_state,;,3;3,4,4,100.0
/users/vagos/resash/benchmarks/web_forums/xargs_accident_rm/fixed.sh,fixed,False,False,False,0.0009461910085519776,0.0009461910085519776,0.0063090730109252036,True,L3:cmd_expected_path_state;L3:unexpected_stdin,,;,,0,0,0.0
/users/vagos/resash/benchmarks/web_forums/move_home/posix.sh,buggy,False,False,False,0.01299894999829121,0.01299894999829121,0.06462421199830715,True,L0:del_user_dir,L0:del_user_dir,,0,1,1,100.0
/users/vagos/resash/benchmarks/web_forums/move_home/fixed.sh,fixed,False,False,False,0.000899216000107117,0.000899216000107117,0.005664369004080072,True,L0:del_user_dir,,,,0,0,0.0
/users/vagos/resash/benchmarks/web_forums/troll/posix.sh,buggy,False,False,False,0.012766319006914273,0.012766319006914273,0.011257897000177763,True,L3:capturing_empty_output;L1:del_sys_file,L1:del_sys_file;L3:capturing_empty_output,;,1;3,2,2,100.0
/users/vagos/resash/benchmarks/web_forums/troll/fixed.sh,fixed,False,False,False,0.0007864070066716522,0.0007864070066716522,0.00573760800762102,True,L3:capturing_empty_output;L1:del_sys_file,,;,,0,0,0.0
/users/vagos/resash/benchmarks/web_forums/claude2/posix.sh,buggy,False,False,False,0.04063020000467077,0.04063020000467077,1.695359172008466,True,L3:cmd_expected_path_state;L5:del_sys_file,L3:cmd_expected_path_state;L4:cmd_expected_path_state;L5:del_sys_file,;,3;4;5,3,3,100.0
/users/vagos/resash/benchmarks/web_forums/claude2/fixed.sh,fixed,False,False,False,0.039687953001703136,0.039687953001703136,1.3541750150034204,False,L4:cmd_expected_path_state;L5:del_sys_file,L3:cmd_expected_path_state;L4:cmd_expected_path_state,;,3;4,5,5,100.0
/users/vagos/resash/benchmarks/web_forums/unset_var-cmd_always_fails/posix.sh,buggy,False,False,True,122.85032981100085,122.85032981100085,70.09575950499857,True,L9:unbound;L16:command_can_only_fail,L7:unbound;L9:unbound;L14:unbound;L16:command_can_only_fail;L16:cmd_expected_path_state,SC2153;,7;9;14;16;16,25,24,96.0
/users/vagos/resash/benchmarks/web_forums/unset_var-cmd_always_fails/fixed.sh,fixed,False,False,True,138.28293591199326,138.28293591199326,70.0569578470022,True,L9:unbound;L16:command_can_only_fail,L7:unbound;L14:unbound,SC2153;,7;14,25,24,96.0
/users/vagos/resash/benchmarks/web_forums/unset_var-cmd_always_fails/variants/bug-assign_later.sh,buggy_variant,False,False,True,124.28888356300013,124.28888356300013,70.27897130099882,True,L9:unbound;L16:command_can_only_fail,L7:unbound;L9:unbound;L14:unbound;L16:command_can_only_fail;L16:cmd_expected_path_state,SC2153;,7;9;14;16;16,27,24,88.88888888888889
/users/vagos/resash/benchmarks/web_forums/claude_wipe/posix.sh,buggy,False,False,False,0.017720057992846705,0.017720057992846705,0.5365194769983646,True,L0:del_user_dir,L0:del_user_dir,,0,1,1,100.0
/users/vagos/resash/benchmarks/web_forums/claude_wipe/fixed.sh,fixed,False,False,False,0.020119027001783252,0.020119027001783252,0.3230583399999887,True,L0:del_user_dir,,,,1,1,100.0
/users/vagos/resash/benchmarks/web_forums/empty_path/posix.sh,buggy,False,False,True,10.618070939002791,10.618070939002791,70.00606331499876,True,L21:not_a_command;L22:not_a_command;L23:not_a_command;L24:not_a_command;L25:not_a_command;L26:not_a_command;L27:not_a_command;L28:not_a_command;L29:not_a_command;L30:not_a_command;L31:not_a_command;L32:not_a_command,L21:not_a_command;L22:not_a_command;L23:not_a_command;L24:not_a_command;L25:not_a_command;L26:not_a_command;L27:not_a_command;L28:not_a_command;L29:not_a_command;L30:not_a_command;L31:not_a_command;L32:not_a_command,;;;;;;;;;;;,21;22;23;24;25;26;27;28;29;30;31;32,13,13,100.0
/users/vagos/resash/benchmarks/web_forums/empty_path/fixed.sh,fixed,False,False,True,10.470319479005411,10.470319479005411,70.00650871099788,True,L21:not_a_command;L22:not_a_command;L23:not_a_command;L24:not_a_command;L25:not_a_command;L26:not_a_command;L27:not_a_command;L28:not_a_command;L29:not_a_command;L30:not_a_command;L31:not_a_command;L32:not_a_command,,;;;;;;;;;;;,,12,12,100.0
/users/vagos/resash/benchmarks/web_forums/xargs_del_files/posix.sh,buggy,False,False,False,0.044972263000090607,0.044972263000090607,0.4624078880005982,True,L3:cmd_expected_path_state,L3:cmd_expected_path_state,,3,4,4,100.0
/users/vagos/resash/benchmarks/web_forums/xargs_del_files/fixed.sh,fixed,False,False,False,0.0965279969968833,0.0965279969968833,2.0506559690111317,True,L3:cmd_expected_path_state,L2:cmd_expected_path_state;L3:data_loss,,2;3,5,5,100.0
/users/vagos/resash/benchmarks/web_forums/accident/posix.sh,buggy,False,False,False,0.028984816002775915,0.028984816002775915,1.0294098450103775,True,L3:cmd_expected_path_state;L2:del_sys_file;L3:del_sys_file,L2:del_sys_file;L3:del_sys_file;L3:cmd_expected_path_state,;;,2;3;3,2,2,100.0
/users/vagos/resash/benchmarks/web_forums/accident/fixed.sh,fixed,False,False,False,0.01789469899085816,0.01789469899085816,0.7596127839933615,False,L4:cmd_expected_path_state;L3:del_sys_file;L4:del_sys_file,L2:cmd_expected_path_state;L3:del_sys_file,;;,2;3,2,2,100.0
/users/vagos/resash/benchmarks/web_forums/delete_home_user/posix.sh,buggy,False,False,False,0.009813480006414466,0.009813480006414466,0.24224197400326375,True,L3:del_user_dir,L3:del_user_dir,,3,1,1,100.0
/users/vagos/resash/benchmarks/web_forums/delete_home_user/fixed.sh,fixed,False,False,False,0.001715234000585042,0.001715234000585042,0.005586929997662082,True,L3:del_user_dir,,,,0,0,0.0
/users/vagos/resash/benchmarks/web_forums/claude3/posix.sh,buggy,False,False,False,0.09127336800156627,0.09127336800156627,8.204229922004743,True,L3:cmd_expected_path_state;L6:data_loss,L3:cmd_expected_path_state;L6:data_loss,;,3;6,7,7,100.0
/users/vagos/resash/benchmarks/web_forums/claude3/fixed.sh,fixed,False,False,False,0.004124336002860218,0.004124336002860218,0.009482431996730156,True,L3:cmd_expected_path_state;L6:data_loss,,;,,0,0,0.0
/users/vagos/resash/benchmarks/web_forums/capturing_empty_output/posix.sh,buggy,False,False,False,0.06406083398906048,0.06406083398906048,0.08285388399963267,True,L10:capturing_empty_output,L10:capturing_empty_output,,10,18,18,100.0
/users/vagos/resash/benchmarks/web_forums/capturing_empty_output/fixed.sh,fixed,False,False,False,0.0673853100015549,0.0673853100015549,0.08058513699506875,True,L10:capturing_empty_output,,,,18,18,100.0
/users/vagos/resash/benchmarks/web_forums/unexpected_stdin/posix.sh,buggy,False,False,False,0.05892326899629552,0.05892326899629552,0.20158770099806134,True,L3:unexpected_stdin;L4:unexpected_stdin,L3:unexpected_stdin;L4:unexpected_stdin,;,3;4,23,23,100.0
/users/vagos/resash/benchmarks/web_forums/unexpected_stdin/fixed.sh,fixed,False,False,False,0.04967401399335358,0.04967401399335358,0.1976485149934888,True,L3:unexpected_stdin;L4:unexpected_stdin,,;,,23,23,100.0
/users/vagos/resash/benchmarks/web_forums/delete_slash/posix.sh,buggy,False,False,False,0.013430113001959398,0.013430113001959398,0.2503116570005659,True,L4:del_sys_file,L4:del_sys_file,,4,1,1,100.0
/users/vagos/resash/benchmarks/web_forums/delete_slash/fixed.sh,fixed,False,False,False,0.0011780679924413562,0.0011780679924413562,0.005556916992645711,True,L4:del_sys_file,,,,0,0,0.0
/users/vagos/resash/benchmarks/web_forums/silly_q/posix.sh,buggy,False,False,False,0.07400736199633684,0.07400736199633684,1.6959180729900254,True,L5:cmd_expected_path_state;L6:cmd_expected_path_state;L7:cmd_expected_path_state;L8:cmd_expected_path_state,L5:cmd_expected_path_state;L6:cmd_expected_path_state;L6:cmd_expected_path_state;L7:cmd_expected_path_state;L7:cmd_expected_path_state;L8:cmd_expected_path_state;L8:cmd_expected_path_state,;;;,5;6;6;7;7;8;8,4,4,100.0
/users/vagos/resash/benchmarks/web_forums/silly_q/fixed.sh,fixed,False,False,False,0.06686700099089649,0.06686700099089649,2.3032799959910335,True,L5:cmd_expected_path_state;L6:cmd_expected_path_state;L7:cmd_expected_path_state;L8:cmd_expected_path_state,,;;;,,4,4,100.0
/users/vagos/resash/benchmarks/web_forums/posix2/posix.sh,buggy,False,False,False,0.018013705004705116,0.018013705004705116,0.159626548003871,True,L3:cmd_expected_path_state,L3:cmd_expected_path_state,,3,5,5,100.0
/users/vagos/resash/benchmarks/web_forums/posix2/fixed.sh,fixed,False,False,False,0.0009479389991611242,0.0009479389991611242,0.005708676006179303,True,L3:cmd_expected_path_state,,,,0,0,0.0
/users/vagos/resash/benchmarks/web_forums/find_rm/posix.sh,buggy,False,False,False,0.01970017299754545,0.01970017299754545,0.5446824380051112,True,L3:del_sys_file;L3:word_split_del_sys_file,L3:del_sys_file;L3:word_split_del_sys_file,;,3;3,1,1,100.0
/users/vagos/resash/benchmarks/web_forums/find_rm/fixed.sh,fixed,False,False,False,0.0009286190033890307,0.0009286190033890307,0.0055016550031723455,True,L3:del_sys_file;L3:word_split_del_sys_file,,;,,0,0,0.0
/users/vagos/resash/benchmarks/web_forums/rm_root_2/posix.sh,buggy,False,False,True,90.12238667800557,90.12238667800557,70.00151993999316,False,L24:word_split_del_sys_file,L12:cmd_expected_path_state,SC2115,12,52,49,94.23076923076923
/users/vagos/resash/benchmarks/web_forums/rm_root_2/fixed.sh,fixed,False,False,True,89.92715837000287,89.92715837000287,70.00432655500481,True,L24:word_split_del_sys_file,L12:cmd_expected_path_state,SC2115,12,52,49,94.23076923076923
/users/vagos/resash/benchmarks/web_forums/rm_root_2/variants/bug-move_trailing_slash.sh,buggy_variant,False,False,True,88.79306981500122,88.79306981500122,70.0017200079892,False,L24:word_split_del_sys_file,L12:cmd_expected_path_state,SC2115,12,52,49,94.23076923076923
/users/vagos/resash/benchmarks/web_forums/rm_root_2/variants/fix-if_z_exit.sh,fixed_variant,False,False,True,89.85812385300233,89.85812385300233,70.00608158099931,True,L25:word_split_del_sys_file,L12:cmd_expected_path_state,SC2115,12,56,53,94.64285714285714
/users/vagos/resash/benchmarks/web_forums/claude6/posix.sh,buggy,False,False,False,0.018919865004136227,0.018919865004136227,0.8043846929940628,True,L0:del_user_dir,L0:del_user_dir,,0,3,3,100.0
/users/vagos/resash/benchmarks/web_forums/claude6/fixed.sh,fixed,False,False,False,0.015329792993725277,0.015329792993725277,0.88222940498963,True,L0:del_user_dir,L3:cmd_expected_path_state,,3,5,5,100.0
/users/vagos/resash/benchmarks/web_forums/replacement/posix.sh,buggy,False,False,False,0.040101885999320075,0.040101885999320075,3.1132026230043266,True,L6:data_loss,L6:data_loss,,6,5,5,100.0
/users/vagos/resash/benchmarks/web_forums/replacement/fixed.sh,fixed,False,False,False,0.0011466299911262468,0.0011466299911262468,0.005543751991353929,True,L6:data_loss,,,,0,0,0.0
/users/vagos/resash/benchmarks/web_forums/unset_var/posix.sh,buggy,False,False,False,0.04777002199261915,0.04777002199261915,0.6676274729979923,True,L5:unbound,L5:unbound,SC2031,5,6,6,100.0
/users/vagos/resash/benchmarks/web_forums/unset_var/fixed.sh,fixed,False,False,False,0.09691849199589342,0.09691849199589342,1.339757246998488,True,L5:unbound,,SC2031,,7,7,100.0
/users/vagos/resash/benchmarks/web_forums/unset_var/variants/bug-set_in_func.sh,buggy_variant,False,False,False,0.05408701499982271,0.05408701499982271,0.7400031419965671,True,L5:unbound,L5:unbound;L6:unbound,SC2031,5;6,8,8,100.0
/users/vagos/resash/benchmarks/web_forums/unset_var/variants/fix-init_func.sh,fixed_variant,False,False,False,0.30071228501037695,0.30071228501037695,39.139234677990316,True,L13:unbound,,SC2031,,15,15,100.0
/users/vagos/resash/benchmarks/web_forums/for_mv/posix.sh,buggy,False,False,False,0.03952613999717869,0.03952613999717869,0.44686756598821376,True,L14:cmd_expected_path_state,L10:unbound;L14:cmd_expected_path_state,,10;14,11,11,100.0
/users/vagos/resash/benchmarks/web_forums/for_mv/fixed.sh,fixed,False,False,False,0.0009619449992896989,0.0009619449992896989,0.005971684004180133,True,L14:cmd_expected_path_state,,,,0,0,0.0
/users/vagos/resash/benchmarks/web_forums/wrong_mv/posix.sh,buggy,False,False,False,0.004141511002671905,0.004141511002671905,0.034927487999084406,True,L4:cmd_expected_path_state,L4:cmd_expected_path_state,,4,1,1,100.0
/users/vagos/resash/benchmarks/web_forums/wrong_mv/fixed.sh,fixed,False,False,False,0.0007775929989293218,0.0007775929989293218,0.005948065998381935,True,L4:cmd_expected_path_state,,,,0,0,0.0
/users/vagos/resash/benchmarks/web_forums/confused_mkdir/posix.sh,buggy,False,False,False,0.026523798995185643,0.026523798995185643,0.2799068530002842,True,L3:cmd_expected_path_state;L5:cmd_expected_path_state,L3:cmd_expected_path_state;L4:cmd_expected_path_state;L5:cmd_expected_path_state,;,3;4;5,3,3,100.0
/users/vagos/resash/benchmarks/web_forums/confused_mkdir/fixed.sh,fixed,False,False,False,0.0008253190026152879,0.0008253190026152879,0.005958737005130388,True,L3:cmd_expected_path_state;L5:cmd_expected_path_state,,;,,0,0,0.0
/users/vagos/resash/benchmarks/web_forums/claude5/posix.sh,buggy,False,False,False,0.014041411996004172,0.014041411996004172,0.7306411280005705,True,L5:del_sys_file,L5:del_sys_file;L5:cmd_expected_path_state,,5;5,5,5,100.0
/users/vagos/resash/benchmarks/web_forums/claude5/fixed.sh,fixed,False,False,False,0.01434481400065124,0.01434481400065124,0.5704678579932079,True,L6:del_sys_file,L5:cmd_expected_path_state,,5,4,4,100.0
/users/vagos/resash/benchmarks/web_forums/sc_author/posix.sh,buggy,False,False,False,0.036272222991101444,0.036272222991101444,1.1248023149964865,True,L1:cmd_expected_path_state;L1:del_sys_file;L3:del_sys_file,L1:del_sys_file;L1:cmd_expected_path_state;L3:del_sys_file,;;,1;1;3,3,3,100.0
/users/vagos/resash/benchmarks/web_forums/sc_author/fixed.sh,fixed,False,False,False,0.0011137289984617382,0.0011137289984617382,0.00608159699186217,True,L2:cmd_expected_path_state;L2:del_sys_file;L3:del_sys_file,,;;,,0,0,0.0
/users/vagos/resash/benchmarks/web_forums/wrong_mkdir/posix.sh,buggy,False,False,False,0.14457448100438341,0.14457448100438341,2.1764023489959072,True,L9:capturing_empty_output;L8:cmd_expected_path_state,L8:cmd_expected_path_state;L9:capturing_empty_output,;,8;9,12,12,100.0
/users/vagos/resash/benchmarks/web_forums/wrong_mkdir/fixed.sh,fixed,False,False,False,0.0010562420065980405,0.0010562420065980405,0.006344929002807476,True,L9:capturing_empty_output;L8:cmd_expected_path_state,,;,,0,0,0.0
/users/vagos/resash/benchmarks/high_profile/w01-squid/posix.sh,buggy,False,False,True,70.48110220799572,70.48110220799572,70.00493241300865,False,L131:word_split_del_sys_file;L144:word_split_del_sys_file;L131:word_split;L144:word_split,L45:unbound;L55:unbound;L65:unbound,SC2115;SC2115;SC2086;SC2086,45;55;65,234,90,38.46153846153846
/users/vagos/resash/benchmarks/high_profile/w01-squid/fixed.sh,fixed,False,False,True,70.76496647601016,70.76496647601016,70.0061938889994,True,L131:word_split_del_sys_file;L144:word_split_del_sys_file;L131:word_split;L144:word_split,L45:unbound;L55:unbound;L65:unbound,SC2115;SC2115;SC2086;SC2086,45;55;65,234,90,38.46153846153846
/users/vagos/resash/benchmarks/high_profile/w01-squid/variants/bug-indirect_rm.sh,buggy_variant,False,False,True,70.93202165799448,70.93202165799448,70.01083802100038,False,L132:word_split_del_sys_file;L147:word_split_del_sys_file,L45:unbound;L55:unbound;L65:unbound,SC2115;SC2115,45;55;65,244,90,36.885245901639344
/users/vagos/resash/benchmarks/high_profile/w01-squid/variants/bug-unquoted_pid_dir.sh,buggy_variant,False,False,True,71.90538660499442,71.90538660499442,70.00348193100945,False,L132:word_split;L147:word_split,L45:unbound;L55:unbound;L65:unbound,SC2086;SC2086,45;55;65,244,90,36.885245901639344
/users/vagos/resash/benchmarks/high_profile/w01-squid/variants/fix-case_empty.sh,fixed_variant,False,False,True,72.24696475399833,72.24696475399833,70.00639175598917,True,L135:word_split_del_sys_file;L148:word_split_del_sys_file;L135:word_split;L148:word_split,L18:unbound;L49:unbound;L59:unbound,SC2115;SC2115;SC2086;SC2086,18;49;59,237,93,39.24050632911393
/users/vagos/resash/benchmarks/high_profile/w01-squid/variants/fix-n_or_exit.sh,fixed_variant,False,False,True,71.73929075199703,71.73929075199703,70.00598284200532,True,L133:word_split_del_sys_file;L146:word_split_del_sys_file;L133:word_split;L146:word_split,L18:unbound;L47:unbound;L57:unbound;L67:command_can_only_fail,SC2115;SC2115;SC2086;SC2086,18;47;57;67,237,93,39.24050632911393
/users/vagos/resash/benchmarks/high_profile/c03-backup_manager/posix.sh,buggy,False,False,True,87.911196415007,87.911196415007,70.00397498899838,True,L179:const_cond,L32:unbound;L39:unbound;L43:unbound;L43:unbound;L43:unbound;L47:unexpected_stdin;L65:unbound;L66:unbound;L66:unbound;L68:unbound;L81:unbound;L85:word_split;L88:unbound;L91:word_split;L95:word_split;L110:unbound;L134:unbound;L134:unbound;L140:unbound;L146:unbound;L152:unbound;L160:unbound;L167:unbound;L170:unbound;L171:unbound;L171:unbound;L171:unbound;L171:unbound;L172:unbound;L172:unbound;L172:unbound;L175:unbound;L179:const_cond;L179:dead_code,SC2181,32;39;43;43;43;47;65;66;66;68;81;85;88;91;95;110;134;134;140;146;152;160;167;170;171;171;171;171;172;172;172;175;179;179,1190,257,21.596638655462186
/users/vagos/resash/benchmarks/high_profile/c03-backup_manager/fixed.sh,fixed,False,False,True,84.25231390999397,84.25231390999397,70.00375713199901,True,L183:const_cond,L32:unbound;L39:unbound;L43:unbound;L43:unbound;L43:unbound;L47:unexpected_stdin;L65:unbound;L66:unbound;L66:unbound;L68:unbound;L81:unbound;L85:word_split;L88:unbound;L91:word_split;L95:word_split;L110:unbound;L134:unbound;L134:unbound;L140:unbound;L146:unbound;L152:unbound;L160:unbound;L167:unbound;L170:unbound;L173:unbound;L173:unbound;L173:unbound;L173:unbound;L174:unbound;L174:unbound;L174:unbound;L179:unbound,SC2181,32;39;43;43;43;47;65;66;66;68;81;85;88;91;95;110;134;134;140;146;152;160;167;170;173;173;173;173;174;174;174;179,1222,273,22.340425531914892
/users/vagos/resash/benchmarks/high_profile/c03-backup_manager/variants/bug-assign_first.sh,buggy_variant,False,False,True,71.414786274996,71.414786274996,70.00370818500232,False,L180:const_cond,L32:unbound;L39:unbound;L43:unbound;L43:unbound;L43:unbound;L47:unexpected_stdin;L65:unbound;L66:unbound;L66:unbound;L68:unbound;L81:unbound;L85:word_split;L88:unbound;L91:word_split;L95:word_split;L110:unbound;L134:unbound;L134:unbound;L140:unbound;L146:unbound;L152:unbound;L160:unbound;L167:unbound;L170:unbound;L171:unbound;L171:unbound;L171:unbound;L171:unbound;L172:unbound;L172:unbound;L172:unbound;L175:unbound,SC2181,32;39;43;43;43;47;65;66;66;68;81;85;88;91;95;110;134;134;140;146;152;160;167;170;171;171;171;171;172;172;172;175,1196,258,21.57190635451505
/users/vagos/resash/benchmarks/high_profile/c03-backup_manager/variants/fix-test_eq_first.sh,fixed_variant,False,False,True,83.70661905099405,83.70661905099405,70.00722586800111,True,L184:const_cond,L32:unbound;L39:unbound;L43:unbound;L43:unbound;L43:unbound;L47:unexpected_stdin;L65:unbound;L66:unbound;L66:unbound;L68:unbound;L81:unbound;L85:word_split;L88:unbound;L91:word_split;L95:word_split;L110:unbound;L134:unbound;L134:unbound;L140:unbound;L146:unbound;L152:unbound;L160:unbound;L167:unbound;L170:unbound;L173:unbound;L173:unbound;L173:unbound;L173:unbound;L174:unbound;L174:unbound;L174:unbound;L179:unbound,SC2181,32;39;43;43;43;47;65;66;66;68;81;85;88;91;95;110;134;134;140;146;152;160;167;170;173;173;173;173;174;174;174;179,1224,273,22.30392156862745
/users/vagos/resash/benchmarks/high_profile/c02-n/posix.sh,buggy,False,False,True,74.61045410300721,74.61045410300721,70.02183811701252,False,L145:del_sys_file;L145:word_split,L118:unbound,;SC2086,118,406,106,26.108374384236452
/users/vagos/resash/benchmarks/high_profile/c02-n/fixed.sh,fixed,False,False,True,70.94405121299496,70.94405121299496,70.11667054799909,True,L146:del_sys_file;L147:del_sys_file,L118:unbound,;,118,411,105,25.547445255474454
/users/vagos/resash/benchmarks/high_profile/c02-n/variants/variant1.sh,buggy_variant,False,False,True,71.16749805500149,71.16749805500149,70.07609617100388,False,L145:del_sys_file,L118:unbound,,118,406,105,25.862068965517242
/users/vagos/resash/benchmarks/high_profile/w00-itunes/posix.sh,buggy,False,False,False,0.018133976991521195,0.018133976991521195,0.6509019420045661,True,L5:word_split,L5:word_split,SC2086,5,5,5,100.0
/users/vagos/resash/benchmarks/high_profile/w00-itunes/fixed.sh,fixed,False,False,False,0.018619315000250936,0.018619315000250936,0.6537876399961533,True,L5:word_split,,SC2086,,5,5,100.0
/users/vagos/resash/benchmarks/high_profile/w00-itunes/variants/bug-split_rm_args.sh,buggy_variant,False,False,False,0.020224770007189363,0.020224770007189363,0.6457208249921678,True,L7:del_sys_file,L7:del_sys_file;L7:del_sys_file,,7;7,7,7,100.0
/users/vagos/resash/benchmarks/high_profile/c00-steam/posix.sh,buggy,False,False,True,86.885480344994,86.885480344994,72.56827776899445,False,L359:word_split_del_sys_file,L4:unbound;L19:unbound;L25:unbound;L31:cmd_expected_path_state;L38:unbound;L334:unbound;L354:loop_once,SC2115,4;19;25;31;38;334;354,747,277,37.08165997322624
/users/vagos/resash/benchmarks/high_profile/c00-steam/fixed.sh,fixed,False,False,True,87.4472019340028,87.4472019340028,70.07053750399791,True,L362:word_split_del_sys_file,L4:unbound;L20:unbound;L26:unbound;L32:cmd_expected_path_state;L39:unbound;L335:unbound;L355:loop_once,SC2115,4;20;26;32;39;335;355,752,278,36.96808510638298
/users/vagos/resash/benchmarks/high_profile/c00-steam/variants/bug-move_trailing_slash.sh,buggy_variant,False,False,True,86.67436941099004,86.67436941099004,70.98176468799647,False,L359:word_split_del_sys_file,L4:unbound;L19:unbound;L25:unbound;L31:cmd_expected_path_state;L38:unbound;L334:unbound;L354:loop_once,SC2115,4;19;25;31;38;334;354,747,277,37.08165997322624
/users/vagos/resash/benchmarks/high_profile/c00-steam/variants/fix-case_empty.sh,fixed_variant,False,False,True,73.95766841499426,73.95766841499426,70.02233776199864,False,L362:word_split_del_sys_file,L4:unbound;L21:dead_code;L22:dead_code;L26:dead_code;L34:dead_code;L37:dead_code;L40:dead_code;L41:dead_code;L43:dead_code;L45:unbound;L46:unbound;L51:const_cond;L51:dead_code;L57:dead_code;L62:dead_code;L76:dead_code;L90:dead_code;L102:dead_code;L116:dead_code;L118:unbound;L130:dead_code;L143:dead_code;L155:dead_code;L168:dead_code;L171:unbound;L174:unbound;L179:dead_code;L181:unbound;L190:dead_code;L193:unbound;L214:dead_code;L230:dead_code;L235:dead_code;L242:dead_code;L245:unbound;L245:unbound;L258:dead_code;L261:unbound;L269:unbound;L277:unbound;L291:data_loss;L298:cmd_expected_path_state;L299:data_loss;L305:dead_code;L315:dead_code;L317:unbound;L317:unbound;L320:unbound;L324:dead_code;L329:dead_code;L332:unbound;L337:unbound;L357:unbound;L357:loop_once;L362:word_split_del_sys_file;L379:dead_code;L380:dead_code;L554:dead_code;L557:dead_code;L561:dead_code;L564:dead_code;L565:dead_code;L566:dead_code;L583:dead_code;L586:dead_code;L587:dead_code;L589:dead_code;L604:dead_code,SC2115,4;21;22;26;34;37;40;41;43;45;46;51;51;57;62;76;90;102;116;118;130;143;155;168;171;174;179;181;190;193;214;230;235;242;245;245;258;261;269;277;291;298;299;305;315;317;317;320;324;329;332;337;357;357;362;379;380;554;557;561;564;565;566;583;586;587;589;604,749,396,52.87049399198932
/users/vagos/resash/benchmarks/high_profile/c00-steam/variants/fix-n_or_exit.sh,fixed_variant,False,False,True,87.49309901600645,87.49309901600645,70.36778129299637,True,L360:word_split_del_sys_file,L4:unbound;L20:unbound;L26:unbound;L32:cmd_expected_path_state;L39:unbound;L335:unbound;L355:loop_once,SC2115,4;20;26;32;39;335;355,750,280,37.333333333333336
/users/vagos/resash/benchmarks/high_profile/c01-bumblebee/posix.sh,buggy,False,False,True,74.40203846899385,74.40203846899385,70.0101037780114,False,L350:del_sys_file,L84:unbound,SC2114,84,1029,137,13.313896987366375
/users/vagos/resash/benchmarks/high_profile/c01-bumblebee/fixed.sh,fixed,False,False,True,73.92008926799463,73.92008926799463,70.00555089699628,True,L350:del_sys_file,L84:unbound,SC2114,84,1029,137,13.313896987366375
/users/vagos/resash/benchmarks/high_profile/c01-bumblebee/variants/bug-rm_loop.sh,buggy_variant,False,False,True,72.78392550199351,72.78392550199351,70.02379164099693,False,L352:del_sys_file,L84:unbound,SC2114,84,1035,137,13.23671497584541
/users/vagos/resash/benchmarks/high_profile/c01-bumblebee/variants/fix-rm_var.sh,fixed_variant,False,False,True,73.69418239899096,73.69418239899096,70.01549852600147,True,L351:del_sys_file,L84:unbound,SC2114,84,1034,137,13.249516441005802
/users/vagos/resash/benchmarks/simple_fs/access_after_mv/posix.sh,buggy,False,False,True,106.9405305620021,106.9405305620021,70.00509502799832,False,L49:cmd_expected_path_state,L33:unbound;L42:unbound;L44:not_a_command;L66:unbound;L66:unbound;L66:unbound;L67:unbound;L67:unbound;L68:unbound;L68:unbound;L68:unbound;L68:unbound,,33;42;44;66;66;66;67;67;68;68;68;68,102,92,90.19607843137256
/users/vagos/resash/benchmarks/simple_fs/access_after_mv/fixed.sh,fixed,False,False,True,71.77112959799706,71.77112959799706,70.00815947400406,True,L50:cmd_expected_path_state,L33:unbound;L42:unbound;L44:not_a_command;L67:unbound;L67:unbound;L67:unbound;L68:unbound;L68:unbound;L69:unbound;L69:unbound;L69:unbound;L69:unbound,,33;42;44;67;67;67;68;68;69;69;69;69,104,92,88.46153846153847
/users/vagos/resash/benchmarks/simple_fs/cd_into_file/posix.sh,buggy,False,False,True,1.7537957369931974,1.7537957369931974,70.01341654600401,True,L12:cmd_expected_path_state,L0:del_user_dir;L12:cmd_expected_path_state;L22:del_sys_file;L22:data_loss,,0;12;22;22,51,51,100.0
/users/vagos/resash/benchmarks/simple_fs/cd_into_file/fixed.sh,fixed,False,False,True,1.817568359998404,1.817568359998404,70.00639756899909,True,L12:cmd_expected_path_state,L0:del_user_dir;L22:del_sys_file,,0;22,51,51,100.0
/users/vagos/resash/benchmarks/simple_fs/overwrite_file/posix.sh,buggy,False,False,False,0.3934257520013489,0.3934257520013489,66.51593181600037,True,L3:data_loss;L5:data_loss,L3:data_loss;L5:data_loss,;,3;5,6,6,100.0
/users/vagos/resash/benchmarks/simple_fs/overwrite_file/fixed.sh,fixed,False,False,False,0.4047096799913561,0.4047096799913561,50.36952703700808,True,L5:data_loss;L7:data_loss,L3:cmd_expected_path_state,;,3,9,9,100.0
/users/vagos/resash/benchmarks/simple_fs/access_del_resource/posix.sh,buggy,False,False,True,5.3189231529977405,5.3189231529977405,70.0062493430014,True,L9:cmd_expected_path_state,L3:cmd_expected_path_state;L4:cmd_expected_path_state;L9:cmd_expected_path_state;L10:cmd_expected_path_state,,3;4;9;10,16,16,100.0
/users/vagos/resash/benchmarks/simple_fs/access_del_resource/fixed.sh,fixed,False,False,True,3.2252867269999115,3.2252867269999115,70.00286411499837,False,L9:cmd_expected_path_state,L3:cmd_expected_path_state;L4:cmd_expected_path_state;L9:cmd_expected_path_state,,3;4;9,15,15,100.0
/users/vagos/resash/benchmarks/simple_fs/overwrite_file_4/posix.sh,buggy,False,False,False,0.06342375399253797,0.06342375399253797,0.8588531860004878,True,L7:data_loss;L8:data_loss,L7:data_loss;L8:data_loss,;,7;8,11,11,100.0
/users/vagos/resash/benchmarks/simple_fs/overwrite_file_4/fixed.sh,fixed,False,False,False,0.06192628999997396,0.06192628999997396,0.7889289290033048,True,L7:data_loss;L8:data_loss,,;,,11,11,100.0
/users/vagos/resash/benchmarks/simple_fs/overwrite_file_3/posix.sh,buggy,False,False,False,0.5297207110124873,0.5297207110124873,5.856109697007923,True,L9:data_loss,L9:data_loss,,9,27,27,100.0
/users/vagos/resash/benchmarks/simple_fs/overwrite_file_3/fixed.sh,fixed,False,False,False,0.5575925989978714,0.5575925989978714,11.387121662002755,True,L9:data_loss,,,,28,28,100.0
/users/vagos/resash/benchmarks/simple_fs/overwrite_file_2/posix.sh,buggy,False,False,True,1.2897250399983022,1.2897250399983022,70.43382893499802,False,L9:data_loss;L10:data_loss,L4:cmd_expected_path_state;L9:data_loss,;,4;9,14,14,100.0
/users/vagos/resash/benchmarks/simple_fs/overwrite_file_2/fixed.sh,fixed,False,False,True,1.9684391210030299,1.9684391210030299,70.5270330850035,True,L9:data_loss;L10:data_loss,L4:cmd_expected_path_state,;,4,13,13,100.0
/users/vagos/resash/benchmarks/milestone_2/unset_var-const_if-dead_code/posix.sh,buggy,False,False,False,0.06163186598860193,0.06163186598860193,0.47703170699242037,True,L6:unbound,L6:unbound,SC2154,6,13,13,100.0
/users/vagos/resash/benchmarks/milestone_2/unset_var-const_if-dead_code/fixed.sh,fixed,False,False,False,0.03365415100415703,0.03365415100415703,0.26940799099975266,True,L6:unbound,L10:cmd_expected_path_state,SC2154,10,13,13,100.0
/users/vagos/resash/benchmarks/milestone_2/unset_var-const_if-dead_code/variants/bug-assign_later.sh,buggy_variant,False,False,False,0.07236135099083185,0.07236135099083185,0.4977768569951877,True,L6:unbound,L6:unbound,SC2154,6,15,15,100.0
/users/vagos/resash/benchmarks/milestone_2/loop_once/posix.sh,buggy,False,False,False,0.008561978000216186,0.008561978000216186,0.02027466999425087,True,L6:loop_once,L6:loop_once,,6,8,8,100.0
/users/vagos/resash/benchmarks/milestone_2/loop_once/fixed.sh,fixed,False,False,False,0.020312341992394067,0.020312341992394067,0.04197623999789357,True,L6:loop_once,,,,8,8,100.0
/users/vagos/resash/benchmarks/milestone_2/loop_once-loop_once/posix.sh,buggy,False,False,False,2.004950186004862,2.004950186004862,9.312375619003433,True,L8:loop_once;L15:loop_once,L8:loop_once;L15:loop_once,SC2066;SC2066,8;15,38,38,100.0
/users/vagos/resash/benchmarks/milestone_2/loop_once-loop_once/fixed.sh,fixed,False,False,True,74.42267594400619,74.42267594400619,70.01584930400713,True,L8:loop_once;L15:loop_once,,SC2066;SC2066,,38,37,97.36842105263158
/users/vagos/resash/benchmarks/milestone_2/loop_once-loop_once/variants/bug-remove_quotes.sh,buggy_variant,False,False,False,2.098324856997351,2.098324856997351,9.072228563993121,True,L8:loop_once;L15:loop_once,L8:loop_once;L15:loop_once,SC2066;SC2066,8;15,38,38,100.0
/users/vagos/resash/benchmarks/milestone_2/rm_root/posix.sh,buggy,False,False,True,51.090241380996304,51.090241380996304,70.0033209050016,False,L3:not_a_command;L4:not_a_command;L5:not_a_command;L6:not_a_command;L7:not_a_command;L8:not_a_command;L9:not_a_command;L10:unbound;L12:unbound;L13:unbound;L13:unbound;L14:unbound;L14:unbound;L15:unbound;L11:word_split;L11:del_sys_file;L11:del_sys_file;L11:word_split_del_sys_file,L3:not_a_command;L4:not_a_command;L5:not_a_command;L6:not_a_command;L7:not_a_command;L8:not_a_command;L9:unbound;L9:not_a_command;L10:unbound;L11:word_split;L11:word_split_del_sys_file;L11:del_sys_file;L12:unbound;L12:cmd_expected_path_state;L13:unbound;L13:unbound;L14:unbound;L14:unbound;L15:unbound,SC1127;SC1127;SC1127;SC1127;SC1127;SC1127;SC1127;SC2154;SC2154;SC2154;SC2154;SC2154;SC2154;SC2154;SC2086;SC2115;SC2115;SC2115,3;4;5;6;7;8;9;9;10;11;11;11;12;12;13;13;14;14;15,23,23,100.0
/users/vagos/resash/benchmarks/milestone_2/rm_root/fixed.sh,fixed,False,False,False,0.252092184004141,0.252092184004141,26.715605800010962,True,L3:not_a_command;L4:not_a_command;L5:not_a_command;L6:not_a_command;L7:not_a_command;L8:not_a_command;L9:not_a_command;L10:unbound;L12:unbound;L13:unbound;L13:unbound;L14:unbound;L14:unbound;L15:unbound;L11:word_split;L11:del_sys_file;L11:del_sys_file;L11:word_split_del_sys_file,L10:cmd_expected_path_state;L12:cmd_expected_path_state,SC1127;SC1127;SC1127;SC1127;SC1127;SC1127;SC1127;SC2154;SC2154;SC2154;SC2154;SC2154;SC2154;SC2154;SC2086;SC2115;SC2115;SC2115,10;12,23,23,100.0
/users/vagos/resash/benchmarks/milestone_2/rm_root/variants/bug-too_many_diffs.sh,buggy_variant,False,False,True,70.30734857900825,70.30734857900825,70.00436941800581,True,L4:not_a_command;L5:not_a_command;L6:not_a_command;L7:not_a_command;L8:not_a_command;L9:not_a_command;L10:not_a_command;L11:unbound;L13:unbound;L14:unbound;L14:unbound;L15:unbound;L15:unbound;L16:unbound;L12:word_split;L12:del_sys_file;L12:word_split_del_sys_file,L4:not_a_command;L5:not_a_command;L6:not_a_command;L7:not_a_command;L8:not_a_command;L9:not_a_command;L10:unbound;L10:not_a_command;L11:unbound;L12:word_split;L12:word_split_del_sys_file;L12:del_sys_file;L13:unbound;L13:cmd_expected_path_state;L14:unbound;L14:unbound;L15:unbound;L15:unbound;L16:unbound,SC1127;SC1127;SC1127;SC1127;SC1127;SC1127;SC1127;SC2154;SC2154;SC2154;SC2154;SC2154;SC2154;SC2154;SC2086;SC2115;SC2115,4;5;6;7;8;9;10;10;11;12;12;12;13;13;14;14;15;15;16,39,29,74.35897435897436
/users/vagos/resash/benchmarks/commits/ignored_command_v/posix.sh,buggy,False,False,True,74.40233724599238,74.40233724599238,70.00217238299956,False,L113:not_a_command,L9:unbound;L34:unbound;L57:unbound;L73:cmd_expected_path_state;L77:data_loss;L78:data_loss;L81:data_loss;L81:cmd_expected_path_state;L84:unbound,,9;34;57;73;77;78;81;81;84,191,160,83.7696335078534
/users/vagos/resash/benchmarks/commits/ignored_command_v/fixed.sh,fixed,False,False,True,73.75295693999215,73.75295693999215,70.02031795500079,True,L113:not_a_command,L9:unbound;L34:unbound;L57:unbound;L73:cmd_expected_path_state;L77:data_loss;L81:data_loss;L81:cmd_expected_path_state;L84:unbound,,9;34;57;73;77;81;81;84,192,161,83.85416666666667
/users/vagos/resash/benchmarks/commits/unset_func/posix.sh,buggy,False,False,False,10.83497424700181,10.83497424700181,14.763071490000584,True,L75:function_use_before_def,L5:dead_code;L6:unbound;L6:unbound;L13:unbound;L17:unbound;L19:unbound;L27:unbound;L33:unbound;L33:unbound;L38:unbound;L38:unbound;L46:unbound;L49:unbound;L51:unbound;L54:unbound;L56:unbound;L58:unbound;L61:unbound;L64:unbound;L66:unbound;L69:unbound;L75:function_use_before_def,SC2218,5;6;6;13;17;19;27;33;33;38;38;46;49;51;54;56;58;61;64;66;69;75,226,226,100.0
/users/vagos/resash/benchmarks/commits/unset_func/fixed.sh,fixed,False,False,False,4.362915719000739,4.362915719000739,2.62536833199556,True,L120:function_use_before_def,L5:dead_code;L6:unbound;L6:unbound;L13:unbound;L17:unbound;L19:unbound;L27:unbound;L33:unbound;L33:unbound;L38:unbound;L38:unbound;L46:unbound;L49:unbound;L51:unbound;L54:unbound;L56:unbound;L58:unbound;L61:unbound;L64:unbound;L66:unbound;L69:unbound,SC2218,5;6;6;13;17;19;27;33;33;38;38;46;49;51;54;56;58;61;64;66;69,226,226,100.0
/users/vagos/resash/benchmarks/commits/unset_func/variants/bug-wrap_func.sh,buggy_variant,False,False,False,11.202374505010084,11.202374505010084,13.41314827799215,True,L75:function_use_before_def,L5:dead_code;L6:unbound;L6:unbound;L13:unbound;L17:unbound;L19:unbound;L27:unbound;L33:unbound;L33:unbound;L38:unbound;L38:unbound;L46:unbound;L49:unbound;L51:unbound;L54:unbound;L56:unbound;L58:unbound;L61:unbound;L64:unbound;L66:unbound;L69:unbound;L75:function_use_before_def,SC2218,5;6;6;13;17;19;27;33;33;38;38;46;49;51;54;56;58;61;64;66;69;75,227,227,100.0
/users/vagos/resash/benchmarks/commits/unset_func/variants/fix-func_redef.sh,fixed_variant,False,False,False,4.2992536520032445,4.2992536520032445,2.6109397239924874,True,L124:function_use_before_def,L5:dead_code;L6:unbound;L6:unbound;L13:unbound;L17:unbound;L19:unbound;L27:unbound;L33:unbound;L33:unbound;L38:unbound;L38:unbound;L46:unbound;L49:unbound;L51:unbound;L54:unbound;L56:unbound;L58:unbound;L61:unbound;L64:unbound;L66:unbound;L69:unbound,SC2218,5;6;6;13;17;19;27;33;33;38;38;46;49;51;54;56;58;61;64;66;69,230,230,100.0
/users/vagos/resash/benchmarks/commits/cp_nonexistent/posix.sh,buggy,False,False,True,6.836418626990053,6.836418626990053,70.00181622499076,True,L27:cmd_expected_path_state,L27:cmd_expected_path_state;L32:not_a_command,,27;32,28,28,100.0
/users/vagos/resash/benchmarks/commits/cp_nonexistent/fixed.sh,fixed,False,False,True,6.859722467997926,6.859722467997926,70.00543549201393,True,L27:cmd_expected_path_state,L32:not_a_command,,32,28,28,100.0
/users/vagos/resash/benchmarks/commits/const_cond/posix.sh,buggy,False,False,True,97.37023433900322,97.37023433900322,70.02558128300007,False,L42:const_cond,L5:unbound;L39:unbound,SC2181,5;39,27,26,96.29629629629629
/users/vagos/resash/benchmarks/commits/const_cond/fixed.sh,fixed,False,False,True,96.449023743,96.449023743,70.01218760300253,True,L43:const_cond,L40:unbound,SC2181,40,29,28,96.55172413793103
/users/vagos/resash/benchmarks/commits/const_cond/variants/bug-assign_first.sh,buggy_variant,False,False,True,97.69510189600987,97.69510189600987,70.0275646289956,False,L43:const_cond,L5:unbound;L39:unbound,SC2181,5;39,30,29,96.66666666666667
/users/vagos/resash/benchmarks/commits/const_cond/variants/fix-test_eq_first.sh,fixed_variant,False,False,True,75.45955052098725,75.45955052098725,70.00356938201003,True,L44:const_cond,L5:unbound;L39:unbound,SC2181,5;39,32,31,96.875
/users/vagos/resash/benchmarks/commits/makefile/posix.sh,buggy,False,False,True,81.2534312029893,81.2534312029893,70.00875348699628,False,L74:del_sys_file;L79:del_sys_file,L24:unbound,SC2115;SC2115,24,291,93,31.95876288659794
/users/vagos/resash/benchmarks/commits/makefile/fixed.sh,fixed,False,False,True,89.93296504300088,89.93296504300088,70.0058989720128,True,L82:del_sys_file;L95:del_sys_file,L24:unbound,SC2115;SC2115,24,319,93,29.153605015673982
/users/vagos/resash/benchmarks/commits/makefile/variants/bug-assign_first.sh,buggy_variant,False,False,True,89.5885478949931,89.5885478949931,70.0018043010059,False,L83:del_sys_file;L90:del_sys_file,L24:unbound,SC2115;SC2115,24,307,95,30.944625407166125
/users/vagos/resash/benchmarks/commits/unset_var_3/posix.sh,buggy,False,False,True,319.216433263995,319.216433263995,70.29641192000418,True,L25:unbound,L25:unbound,SC2153,25,51,33,64.70588235294117
/users/vagos/resash/benchmarks/commits/unset_var_3/fixed.sh,fixed,False,False,True,300.3586957160005,300.3586957160005,70.58265252099955,True,L25:unbound,,SC2153,,51,33,64.70588235294117
/users/vagos/resash/benchmarks/commits/unset_var_3/variants/bug-define_later.sh,buggy_variant,False,False,True,300.02494640499935,300.02494640499935,70.93850670900429,True,L25:unbound,L25:unbound,SC2153,25,53,33,62.264150943396224
/users/vagos/resash/benchmarks/commits/unset_var_3/variants/fix-init_func.sh,fixed_variant,False,False,True,73.37063485500403,73.37063485500403,70.58780478801054,True,L35:unbound,,SC2153,,61,38,62.295081967213115
/users/vagos/resash/benchmarks/commits/debootstrap/posix.sh,buggy,False,False,True,70.98167197099247,70.98167197099247,70.01814281199768,False,L510:del_sys_file,L-1:dead_code;L3:dead_code;L7:unbound;L31:unbound;L35:unbound;L44:unbound;L116:unbound;L130:unbound;L136:dead_code;L137:dead_code;L138:dead_code;L141:unbound;L147:dead_code;L148:dead_code,,-1;3;7;31;35;44;116;130;136;137;138;141;147;148,687,161,23.435225618631733
/users/vagos/resash/benchmarks/commits/debootstrap/fixed.sh,fixed,False,False,True,73.27717021599528,73.27717021599528,70.00177627700032,True,L504:del_sys_file,L-1:dead_code;L3:dead_code;L7:unbound;L31:unbound;L35:unbound;L44:unbound;L115:unbound;L129:unbound;L135:dead_code;L136:dead_code;L137:dead_code;L140:unbound;L146:dead_code;L147:dead_code,,-1;3;7;31;35;44;115;129;135;136;137;140;146;147,680,161,23.676470588235293
/users/vagos/resash/benchmarks/commits/debootstrap/variants/fix-assign_first.sh,fixed_variant,False,False,True,71.62319533000118,71.62319533000118,70.02328684099484,True,L505:del_sys_file,L-1:dead_code;L3:dead_code;L7:unbound;L31:unbound;L35:unbound;L44:unbound;L115:unbound;L129:unbound;L135:dead_code;L136:dead_code;L137:dead_code;L140:unbound;L146:dead_code;L147:dead_code,,-1;3;7;31;35;44;115;129;135;136;137;140;146;147,683,161,23.57247437774524
/users/vagos/resash/benchmarks/commits/unset_var_2/posix.sh,buggy,False,False,False,0.2813863100018352,0.2813863100018352,6.314626880004653,True,L10:unbound,L5:cmd_expected_path_state;L10:unbound;L19:cmd_expected_path_state,SC2154,5;10;19,18,18,100.0
/users/vagos/resash/benchmarks/commits/unset_var_2/fixed.sh,fixed,False,False,False,0.255563283993979,0.255563283993979,6.550193122995552,True,L10:unbound,L5:cmd_expected_path_state;L17:data_loss;L19:cmd_expected_path_state,SC2154,5;17;19,18,18,100.0
/users/vagos/resash/benchmarks/commits/unset_var_2/variants/bug-define_later.sh,buggy_variant,False,False,False,0.33671417899313383,0.33671417899313383,7.019399030003115,True,L10:unbound,L5:cmd_expected_path_state;L10:unbound;L19:cmd_expected_path_state,SC2154,5;10;19,20,20,100.0
/users/vagos/resash/benchmarks/commits/unset_var_2/variants/fix-init_func.sh,fixed_variant,False,False,True,1.2321292459964752,1.2321292459964752,70.00118230600492,True,L19:unbound,L14:cmd_expected_path_state;L28:cmd_expected_path_state,SC2154,14;28,27,27,100.0
/users/vagos/resash/benchmarks/commits/unset_var_5/posix.sh,buggy,False,False,True,89.99899736299994,89.99899736299994,70.00139816700539,True,L85:unbound,L10:unbound;L22:unbound;L28:const_cond;L28:dead_code;L28:const_cond;L28:dead_code;L30:const_cond;L30:dead_code;L36:dead_code;L37:dead_code;L38:dead_code;L39:dead_code;L44:unbound;L47:unbound;L61:cmd_expected_path_state;L68:cmd_expected_path_state;L71:cmd_expected_path_state;L79:cmd_expected_path_state;L85:unbound;L100:unbound;L114:unbound;L174:unbound,SC2153,10;22;28;28;28;28;30;30;36;37;38;39;44;47;61;68;71;79;85;100;114;174,216,202,93.51851851851852
/users/vagos/resash/benchmarks/commits/unset_var_5/fixed.sh,fixed,False,False,True,86.2321182940068,86.2321182940068,70.00473869299458,True,L85:unbound,L10:unbound;L22:unbound;L28:const_cond;L28:dead_code;L28:const_cond;L28:dead_code;L30:const_cond;L30:dead_code;L36:dead_code;L37:dead_code;L38:dead_code;L39:dead_code;L44:unbound;L47:unbound;L61:cmd_expected_path_state;L68:cmd_expected_path_state;L71:cmd_expected_path_state;L79:cmd_expected_path_state;L100:unbound;L114:unbound;L174:unbound,SC2153,10;22;28;28;28;28;30;30;36;37;38;39;44;47;61;68;71;79;100;114;174,216,202,93.51851851851852
/users/vagos/resash/benchmarks/commits/unset_var_5/variants/bug-assign_later.sh,buggy_variant,False,False,True,91.07295762500144,91.07295762500144,70.00664685599622,True,L85:unbound,L10:unbound;L22:unbound;L28:const_cond;L28:dead_code;L28:const_cond;L28:dead_code;L30:const_cond;L30:dead_code;L36:dead_code;L37:dead_code;L38:dead_code;L39:dead_code;L44:unbound;L47:unbound;L61:cmd_expected_path_state;L68:cmd_expected_path_state;L71:cmd_expected_path_state;L79:cmd_expected_path_state;L85:unbound;L100:unbound;L114:unbound;L174:unbound,SC2153,10;22;28;28;28;28;30;30;36;37;38;39;44;47;61;68;71;79;85;100;114;174,218,202,92.66055045871559
/users/vagos/resash/benchmarks/commits/debootstrap_2/posix.sh,buggy,False,False,True,70.34787723699992,70.34787723699992,70.01260575000197,False,L727:word_split_del_sys_file,L6:dead_code;L13:unbound;L35:unbound;L150:unbound,,6;13;35;150,946,229,24.207188160676534
/users/vagos/resash/benchmarks/commits/debootstrap_2/fixed.sh,fixed,False,False,True,70.40027061400178,70.40027061400178,70.00603281900112,True,L741:word_split_del_sys_file,L6:dead_code;L13:unbound;L35:unbound;L150:unbound,,6;13;35;150,958,232,24.217118997912316
/users/vagos/resash/benchmarks/commits/unset_var_set_u_1/posix.sh,buggy,False,False,True,73.15928278499632,73.15928278499632,70.0338319069997,True,L16:unbound_setu,L16:unbound_setu;L18:unbound_setu;L23:unbound_setu,,16;18;23,69,47,68.1159420289855
/users/vagos/resash/benchmarks/commits/unset_var_set_u_1/fixed.sh,fixed,False,False,True,79.63842679800291,79.63842679800291,70.0753794409975,True,L16:unbound_setu,L16:const_cond;L16:dead_code;L18:unbound_setu,,16;16;18,69,54,78.26086956521739
/users/vagos/resash/benchmarks/commits/unset_var_set_u_2/posix.sh,buggy,False,False,False,1.181619729992235,1.181619729992235,26.769626431996585,True,L15:unbound_setu,L11:cmd_expected_path_state;L14:cmd_expected_path_state;L15:unbound_setu,,11;14;15,11,11,100.0
/users/vagos/resash/benchmarks/commits/unset_var_set_u_2/fixed.sh,fixed,False,False,False,1.167321457003709,1.167321457003709,26.62364935700316,True,L15:unbound_setu,L11:cmd_expected_path_state;L14:cmd_expected_path_state;L15:unbound,,11;14;15,11,11,100.0
